,,Grouped by Facility_Id,Grouped by Facility_Id,Grouped by Facility_Id
,,Missing,Overall,1169
n,,,42608,42608
"Age_Group, n (%)",0 to 17,0,7529 (17.7),7529 (17.7)
"Age_Group, n (%)",18 to 29,,3108 (7.3),3108 (7.3)
"Age_Group, n (%)",30 to 49,,6963 (16.3),6963 (16.3)
"Age_Group, n (%)",50 to 69,,14396 (33.8),14396 (33.8)
"Age_Group, n (%)",70 or Older,,10612 (24.9),10612 (24.9)
"Gender, n (%)",F,0,22776 (53.5),22776 (53.5)
"Gender, n (%)",M,,19832 (46.5),19832 (46.5)
"Type_of_Admission, n (%)",Elective,0,4333 (10.2),4333 (10.2)
"Type_of_Admission, n (%)",Emergency,,38247 (89.8),38247 (89.8)
"Type_of_Admission, n (%)",Newborn,,12 (0.0),12 (0.0)
"Type_of_Admission, n (%)",Urgent,,16 (0.0),16 (0.0)
"APR_DRG_Description, n (%)",Abdominal pain,0,369 (0.9),369 (0.9)
"APR_DRG_Description, n (%)",Acute & subacute endocarditis,,11 (0.0),11 (0.0)
"APR_DRG_Description, n (%)",Acute anxiety & delirium states,,36 (0.1),36 (0.1)
"APR_DRG_Description, n (%)",Acute leukemia,,73 (0.2),73 (0.2)
"APR_DRG_Description, n (%)",Acute major eye infections,,19 (0.0),19 (0.0)
"APR_DRG_Description, n (%)",Acute myocardial infarction,,149 (0.3),149 (0.3)
"APR_DRG_Description, n (%)",Adjustment disorders & neuroses except depressive diagnoses,,9 (0.0),9 (0.0)
"APR_DRG_Description, n (%)",Alcohol & drug dependence w rehab or rehab/detox therapy,,19 (0.0),19 (0.0)
"APR_DRG_Description, n (%)",Alcohol abuse & dependence,,132 (0.3),132 (0.3)
"APR_DRG_Description, n (%)",Alcoholic liver disease,,81 (0.2),81 (0.2)
"APR_DRG_Description, n (%)",Allergic reactions,,30 (0.1),30 (0.1)
"APR_DRG_Description, n (%)",Amputation of lower limb except toes,,52 (0.1),52 (0.1)
"APR_DRG_Description, n (%)",Anal procedures,,22 (0.1),22 (0.1)
"APR_DRG_Description, n (%)",Angina pectoris & coronary atherosclerosis,,613 (1.4),613 (1.4)
"APR_DRG_Description, n (%)",Appendectomy,,353 (0.8),353 (0.8)
"APR_DRG_Description, n (%)",Asthma,,1462 (3.4),1462 (3.4)
"APR_DRG_Description, n (%)",BPD & oth chronic respiratory diseases arising in perinatal period,,22 (0.1),22 (0.1)
"APR_DRG_Description, n (%)",Bacterial & tuberculous infections of nervous system,,25 (0.1),25 (0.1)
"APR_DRG_Description, n (%)",Behavioral disorders,,2 (0.0),2 (0.0)
"APR_DRG_Description, n (%)",Bipolar disorders,,52 (0.1),52 (0.1)
"APR_DRG_Description, n (%)",Bone marrow transplant,,108 (0.3),108 (0.3)
"APR_DRG_Description, n (%)",Brain contusion/laceration & complicated skull Fx coma < 1 hr or no coma,,3 (0.0),3 (0.0)
"APR_DRG_Description, n (%)",Breast procedures except mastectomy,,13 (0.0),13 (0.0)
"APR_DRG_Description, n (%)",Bronchiolitis & RSV pneumonia,,674 (1.6),674 (1.6)
"APR_DRG_Description, n (%)",Burns with skin graft except extensive 3rd degree burns,,1 (0.0),1 (0.0)
"APR_DRG_Description, n (%)",CHEMOTHERAPY,,319 (0.7),319 (0.7)
"APR_DRG_Description, n (%)",CVA & precerebral occlusion w infarct,,491 (1.2),491 (1.2)
"APR_DRG_Description, n (%)",Cardiac arrest and shock,,8 (0.0),8 (0.0)
"APR_DRG_Description, n (%)",Cardiac arrhythmia & conduction disorders,,718 (1.7),718 (1.7)
"APR_DRG_Description, n (%)",Cardiac catheterization for coronary artery disease,,205 (0.5),205 (0.5)
"APR_DRG_Description, n (%)",Cardiac catheterization for other non-coronary conditions,,185 (0.4),185 (0.4)
"APR_DRG_Description, n (%)",Cardiac defibrillator & heart assist implant,,163 (0.4),163 (0.4)
"APR_DRG_Description, n (%)",Cardiac pacemaker & defibrillator device replacement,,37 (0.1),37 (0.1)
"APR_DRG_Description, n (%)",Cardiac pacemaker & defibrillator revision except device replacement,,15 (0.0),15 (0.0)
"APR_DRG_Description, n (%)",Cardiac structural & valvular disorders,,35 (0.1),35 (0.1)
"APR_DRG_Description, n (%)",Cardiac valve procedures w AMI or complex PDX,,24 (0.1),24 (0.1)
"APR_DRG_Description, n (%)",Cardiac valve procedures w/o AMI or complex PDX,,91 (0.2),91 (0.2)
"APR_DRG_Description, n (%)",Cardiomyopathy,,8 (0.0),8 (0.0)
"APR_DRG_Description, n (%)",Cellulitis & other skin infections,,788 (1.8),788 (1.8)
"APR_DRG_Description, n (%)",Cervical spinal fusion & other back/neck proc exc disc excis/decomp,,166 (0.4),166 (0.4)
"APR_DRG_Description, n (%)",Cesarean delivery,,4 (0.0),4 (0.0)
"APR_DRG_Description, n (%)",Chest pain,,806 (1.9),806 (1.9)
"APR_DRG_Description, n (%)",Cholecystectomy except laparoscopic,,18 (0.0),18 (0.0)
"APR_DRG_Description, n (%)",Chronic obstructive pulmonary disease,,642 (1.5),642 (1.5)
"APR_DRG_Description, n (%)",Cleft lip & palate repair,,11 (0.0),11 (0.0)
"APR_DRG_Description, n (%)",Coagulation & platelet disorders,,73 (0.2),73 (0.2)
"APR_DRG_Description, n (%)",Cocaine abuse & dependence,,21 (0.0),21 (0.0)
"APR_DRG_Description, n (%)",Concussion closed skull Fx nosuncomplicated intracranial injury coma < 1 hr or no coma,,30 (0.1),30 (0.1)
"APR_DRG_Description, n (%)",Connective tissue disorders,,178 (0.4),178 (0.4)
"APR_DRG_Description, n (%)",Contusion open wound & other trauma to skin & subcutaneous tissue,,55 (0.1),55 (0.1)
"APR_DRG_Description, n (%)",Coronary bypass w AMI or complex PDX,,71 (0.2),71 (0.2)
"APR_DRG_Description, n (%)",Coronary bypass w/o AMI or complex PDX,,71 (0.2),71 (0.2)
"APR_DRG_Description, n (%)",Craniotomy except for trauma,,242 (0.6),242 (0.6)
"APR_DRG_Description, n (%)",Craniotomy for trauma,,22 (0.1),22 (0.1)
"APR_DRG_Description, n (%)",Cystic fibrosis - pulmonary disease,,3 (0.0),3 (0.0)
"APR_DRG_Description, n (%)",D&C aspiration curettage or hysterotomy for obstetric diagnoses,,5 (0.0),5 (0.0)
"APR_DRG_Description, n (%)",Degenerative nervous system disorders exc mult sclerosis,,179 (0.4),179 (0.4)
"APR_DRG_Description, n (%)",Dental & oral diseases & injuries,,85 (0.2),85 (0.2)
"APR_DRG_Description, n (%)",Depression except major depressive disorder,,18 (0.0),18 (0.0)
"APR_DRG_Description, n (%)",Diabetes,,645 (1.5),645 (1.5)
"APR_DRG_Description, n (%)",Digestive malignancy,,117 (0.3),117 (0.3)
"APR_DRG_Description, n (%)",Dilation & curettage for non-obstetric diagnoses,,15 (0.0),15 (0.0)
"APR_DRG_Description, n (%)",Disorders of gallbladder & biliary tract,,216 (0.5),216 (0.5)
"APR_DRG_Description, n (%)",Disorders of pancreas except malignancy,,238 (0.6),238 (0.6)
"APR_DRG_Description, n (%)",Disorders of personality & impulse control,,6 (0.0),6 (0.0)
"APR_DRG_Description, n (%)",Diverticulitis & diverticulosis,,247 (0.6),247 (0.6)
"APR_DRG_Description, n (%)",Dorsal & lumbar fusion proc except for curvature of back,,141 (0.3),141 (0.3)
"APR_DRG_Description, n (%)",Dorsal & lumbar fusion proc for curvature of back,,41 (0.1),41 (0.1)
"APR_DRG_Description, n (%)",Drug & alcohol abuse or dependence left against medical advice,,49 (0.1),49 (0.1)
"APR_DRG_Description, n (%)",Ear nose mouth throat cranial/facial malignancies,,25 (0.1),25 (0.1)
"APR_DRG_Description, n (%)",Eating disorders,,3 (0.0),3 (0.0)
"APR_DRG_Description, n (%)",Electrolyte disorders except hypovolemia related,,277 (0.7),277 (0.7)
"APR_DRG_Description, n (%)",Extensive procedure unrelated to principal diagnosis,,232 (0.5),232 (0.5)
"APR_DRG_Description, n (%)",Extracranial vascular procedures,,132 (0.3),132 (0.3)
"APR_DRG_Description, n (%)",Eye disorders except major infections,,84 (0.2),84 (0.2)
"APR_DRG_Description, n (%)",Eye procedures except orbit,,18 (0.0),18 (0.0)
"APR_DRG_Description, n (%)",Facial bone procedures except major cranial/facial bone procedures,,76 (0.2),76 (0.2)
"APR_DRG_Description, n (%)",Female reproductive system infections,,56 (0.1),56 (0.1)
"APR_DRG_Description, n (%)",Female reproductive system malignancy,,33 (0.1),33 (0.1)
"APR_DRG_Description, n (%)",Female reproductive system reconstructive procedures,,1 (0.0),1 (0.0)
"APR_DRG_Description, n (%)",Fever,,166 (0.4),166 (0.4)
"APR_DRG_Description, n (%)",Foot & toe procedures,,119 (0.3),119 (0.3)
"APR_DRG_Description, n (%)",Fracture of femur,,17 (0.0),17 (0.0)
"APR_DRG_Description, n (%)",Fracture of pelvis or dislocation of hip,,10 (0.0),10 (0.0)
"APR_DRG_Description, n (%)",Fractures & dislocations except femur pelvis & back,,76 (0.2),76 (0.2)
"APR_DRG_Description, n (%)",Gastrointestinal vascular insufficiency,,43 (0.1),43 (0.1)
"APR_DRG_Description, n (%)",HIV w major HIV related condition,,128 (0.3),128 (0.3)
"APR_DRG_Description, n (%)",HIV w multiple major HIV related conditions,,101 (0.2),101 (0.2)
"APR_DRG_Description, n (%)",HIV w multiple significant HIV related conditions,,42 (0.1),42 (0.1)
"APR_DRG_Description, n (%)",HIV w one signif HIV cond or w/o signif related cond,,95 (0.2),95 (0.2)
"APR_DRG_Description, n (%)",Hand & wrist procedures,,20 (0.0),20 (0.0)
"APR_DRG_Description, n (%)",Head trauma w coma >1 hr or hemorrhage,,71 (0.2),71 (0.2)
"APR_DRG_Description, n (%)",Heart &/or lung transplant,,29 (0.1),29 (0.1)
"APR_DRG_Description, n (%)",Heart failure,,1326 (3.1),1326 (3.1)
"APR_DRG_Description, n (%)",Hepatic coma & other major acute liver disorders,,104 (0.2),104 (0.2)
"APR_DRG_Description, n (%)",Hernia procedures except inguinal femoral & umbilical,,123 (0.3),123 (0.3)
"APR_DRG_Description, n (%)",Hip and femur fracture repair,,55 (0.1),55 (0.1)
"APR_DRG_Description, n (%)",Hip joint replacement,,74 (0.2),74 (0.2)
"APR_DRG_Description, n (%)",Hypertension,,193 (0.5),193 (0.5)
"APR_DRG_Description, n (%)",Hypovolemia & related electrolyte disorders,,289 (0.7),289 (0.7)
"APR_DRG_Description, n (%)",Inborn errors of metabolism,,19 (0.0),19 (0.0)
"APR_DRG_Description, n (%)",Infections of upper respiratory tract,,577 (1.4),577 (1.4)
"APR_DRG_Description, n (%)",Infectious & parasitic diseases including HIV w O.R. procedure,,401 (0.9),401 (0.9)
"APR_DRG_Description, n (%)",Inflammatory bowel disease,,119 (0.3),119 (0.3)
"APR_DRG_Description, n (%)",Inguinal femoral & umbilical hernia procedures,,67 (0.2),67 (0.2)
"APR_DRG_Description, n (%)",Interstitial & alveolar lung diseases,,72 (0.2),72 (0.2)
"APR_DRG_Description, n (%)",Intervertebral disc excision & decompression,,85 (0.2),85 (0.2)
"APR_DRG_Description, n (%)",Intestinal obstruction,,177 (0.4),177 (0.4)
"APR_DRG_Description, n (%)",Intracranial hemorrhage,,119 (0.3),119 (0.3)
"APR_DRG_Description, n (%)",Kidney & urinary tract infections,,831 (2.0),831 (2.0)
"APR_DRG_Description, n (%)",Kidney & urinary tract malignancy,,30 (0.1),30 (0.1)
"APR_DRG_Description, n (%)",Kidney & urinary tract procedures for malignancy,,69 (0.2),69 (0.2)
"APR_DRG_Description, n (%)",Kidney & urinary tract procedures for nonmalignancy,,146 (0.3),146 (0.3)
"APR_DRG_Description, n (%)",Kidney transplant,,143 (0.3),143 (0.3)
"APR_DRG_Description, n (%)",Knee & lower leg procedures except foot,,94 (0.2),94 (0.2)
"APR_DRG_Description, n (%)",Knee joint replacement,,52 (0.1),52 (0.1)
"APR_DRG_Description, n (%)",Laparoscopic cholecystectomy,,314 (0.7),314 (0.7)
"APR_DRG_Description, n (%)",Liver transplant &/or intestinal transplant,,44 (0.1),44 (0.1)
"APR_DRG_Description, n (%)",Lymphatic & other malignancies & neoplasms of uncertain behavior,,50 (0.1),50 (0.1)
"APR_DRG_Description, n (%)",Lymphoma myeloma & non-acute leukemia,,119 (0.3),119 (0.3)
"APR_DRG_Description, n (%)",Major O.R. procedures for lymphatic/hematopoietic/other neoplasms,,24 (0.1),24 (0.1)
"APR_DRG_Description, n (%)",Major abdominal vascular procedures,,87 (0.2),87 (0.2)
"APR_DRG_Description, n (%)",Major biliary tract procedures,,47 (0.1),47 (0.1)
"APR_DRG_Description, n (%)",Major bladder procedures,,18 (0.0),18 (0.0)
"APR_DRG_Description, n (%)",Major cardiothoracic repair of heart anomaly,,6 (0.0),6 (0.0)
"APR_DRG_Description, n (%)",Major chest & respiratory trauma,,17 (0.0),17 (0.0)
"APR_DRG_Description, n (%)",Major cranial/facial bone procedures,,76 (0.2),76 (0.2)
"APR_DRG_Description, n (%)",Major depressive disorders & other/unspecified psychoses,,65 (0.2),65 (0.2)
"APR_DRG_Description, n (%)",Major esophageal disorders,,22 (0.1),22 (0.1)
"APR_DRG_Description, n (%)",Major gastrointestinal & peritoneal infections,,154 (0.4),154 (0.4)
"APR_DRG_Description, n (%)",Major hematologic/immunologic diag exc sickle cell crisis & coagul,,207 (0.5),207 (0.5)
"APR_DRG_Description, n (%)",Major larynx & trachea procedures,,16 (0.0),16 (0.0)
"APR_DRG_Description, n (%)",Major male pelvic procedures,,34 (0.1),34 (0.1)
"APR_DRG_Description, n (%)",Major pancreas liver & shunt procedures,,100 (0.2),100 (0.2)
"APR_DRG_Description, n (%)",Major respiratory & chest procedures,,41 (0.1),41 (0.1)
"APR_DRG_Description, n (%)",Major respiratory infections & inflammations,,168 (0.4),168 (0.4)
"APR_DRG_Description, n (%)",Major skin disorders,,27 (0.1),27 (0.1)
"APR_DRG_Description, n (%)",Major small & large bowel procedures,,267 (0.6),267 (0.6)
"APR_DRG_Description, n (%)",Major stomach esophageal & duodenal procedures,,103 (0.2),103 (0.2)
"APR_DRG_Description, n (%)",Male reproductive system diagnoses except malignancy,,107 (0.3),107 (0.3)
"APR_DRG_Description, n (%)",Malfunction reaction & complication of GI device or procedure,,92 (0.2),92 (0.2)
"APR_DRG_Description, n (%)",Malfunction reaction complic of genitourinary device or proc,,192 (0.5),192 (0.5)
"APR_DRG_Description, n (%)",Malfunction reaction complic of orthopedic device or procedure,,29 (0.1),29 (0.1)
"APR_DRG_Description, n (%)",Malfunctionreactioncomplication of cardiac/vasc device or procedure,,113 (0.3),113 (0.3)
"APR_DRG_Description, n (%)",Malignancy male reproductive system,,20 (0.0),20 (0.0)
"APR_DRG_Description, n (%)",Malignancy of hepatobiliary system & pancreas,,136 (0.3),136 (0.3)
"APR_DRG_Description, n (%)",Malignant breast disorders,,12 (0.0),12 (0.0)
"APR_DRG_Description, n (%)",Malnutrition failure to thrive & other nutritional disorders,,104 (0.2),104 (0.2)
"APR_DRG_Description, n (%)",Mastectomy procedures,,5 (0.0),5 (0.0)
"APR_DRG_Description, n (%)",Menstrual & other female reproductive system disorders,,98 (0.2),98 (0.2)
"APR_DRG_Description, n (%)",Mental illness diagnosis w O.R. procedure,,1 (0.0),1 (0.0)
"APR_DRG_Description, n (%)",Migraine & other headaches,,230 (0.5),230 (0.5)
"APR_DRG_Description, n (%)",Moderately extensive procedure unrelated to principal diagnosis,,287 (0.7),287 (0.7)
"APR_DRG_Description, n (%)",Multiple sclerosis & other demyelinating diseases,,79 (0.2),79 (0.2)
"APR_DRG_Description, n (%)",Multiple significant trauma w/o O.R. procedure,,4 (0.0),4 (0.0)
"APR_DRG_Description, n (%)",Musculoskeletal & other procedures for multiple significant trauma,,5 (0.0),5 (0.0)
"APR_DRG_Description, n (%)",Musculoskeletal malignancy & pathol fracture d/t muscskel malig,,82 (0.2),82 (0.2)
"APR_DRG_Description, n (%)",Neonate birthwt >2499g normal newborn or neonate w other problem,,62 (0.1),62 (0.1)
"APR_DRG_Description, n (%)",Neonate birthwt >2499g w congenital/perinatal infection,,4 (0.0),4 (0.0)
"APR_DRG_Description, n (%)",Neonate birthwt >2499g w major anomaly,,14 (0.0),14 (0.0)
"APR_DRG_Description, n (%)",Neonate birthwt >2499g w major cardiovascular procedure,,8 (0.0),8 (0.0)
"APR_DRG_Description, n (%)",Neonate birthwt >2499g w other major procedure,,4 (0.0),4 (0.0)
"APR_DRG_Description, n (%)",Neonate birthwt >2499g w other significant condition,,8 (0.0),8 (0.0)
"APR_DRG_Description, n (%)",Neonate birthwt >2499g w resp dist synd/oth maj resp cond,,2 (0.0),2 (0.0)
"APR_DRG_Description, n (%)",Neonate bwt 1000-1249g w resp dist synd/oth maj resp or maj anom,,1 (0.0),1 (0.0)
"APR_DRG_Description, n (%)",Neonate bwt 1500-1999g w resp dist synd/oth maj resp cond,,1 (0.0),1 (0.0)
"APR_DRG_Description, n (%)",Neonate bwt 2000-2499g normal newborn or neonate w other problem,,1 (0.0),1 (0.0)
"APR_DRG_Description, n (%)",Neonate bwt 2000-2499g w major anomaly,,2 (0.0),2 (0.0)
"APR_DRG_Description, n (%)",Neonate bwt <1500g w major procedure,,1 (0.0),1 (0.0)
"APR_DRG_Description, n (%)",Neonate bwt <500g or GA <24 weeks,,3 (0.0),3 (0.0)
"APR_DRG_Description, n (%)",Neonate w ECMO,,3 (0.0),3 (0.0)
"APR_DRG_Description, n (%)",Nephritis & nephrosis,,38 (0.1),38 (0.1)
"APR_DRG_Description, n (%)",Nervous system malignancy,,95 (0.2),95 (0.2)
"APR_DRG_Description, n (%)",Non-bacterial infections of nervous system exc viral meningitis,,48 (0.1),48 (0.1)
"APR_DRG_Description, n (%)",Nonextensive procedure unrelated to principal diagnosis,,118 (0.3),118 (0.3)
"APR_DRG_Description, n (%)",Nonspecific CVA & precerebral occlusion w/o infarct,,14 (0.0),14 (0.0)
"APR_DRG_Description, n (%)",Nontraumatic stupor & coma,,75 (0.2),75 (0.2)
"APR_DRG_Description, n (%)",O.R. procedure for other complications of treatment,,94 (0.2),94 (0.2)
"APR_DRG_Description, n (%)",OTHER VASCULAR PROCEDURES,,361 (0.8),361 (0.8)
"APR_DRG_Description, n (%)",Opioid abuse & dependence,,32 (0.1),32 (0.1)
"APR_DRG_Description, n (%)",Orbital procedures,,8 (0.0),8 (0.0)
"APR_DRG_Description, n (%)",Organic mental health disturbances,,94 (0.2),94 (0.2)
"APR_DRG_Description, n (%)",Osteomyelitis septic arthritis & other musculoskeletal infections,,135 (0.3),135 (0.3)
"APR_DRG_Description, n (%)",Other & unspecified gastrointestinal hemorrhage,,336 (0.8),336 (0.8)
"APR_DRG_Description, n (%)",Other O.R. proc for obstetric diagnoses except delivery diagnoses,,2 (0.0),2 (0.0)
"APR_DRG_Description, n (%)",Other O.R. procedures for lymphatic/hematopoietic/other neoplasms,,70 (0.2),70 (0.2)
"APR_DRG_Description, n (%)",Other aftercare & convalescence,,24 (0.1),24 (0.1)
"APR_DRG_Description, n (%)",Other anemia & disorders of blood & blood-forming organs,,378 (0.9),378 (0.9)
"APR_DRG_Description, n (%)",Other antepartum diagnoses,,98 (0.2),98 (0.2)
"APR_DRG_Description, n (%)",Other back & neck disorders fractures & injuries,,435 (1.0),435 (1.0)
"APR_DRG_Description, n (%)",Other bladder procedures,,3 (0.0),3 (0.0)
"APR_DRG_Description, n (%)",Other cardiothoracic & thoracic vascular procedures,,118 (0.3),118 (0.3)
"APR_DRG_Description, n (%)",Other circulatory system diagnoses,,188 (0.4),188 (0.4)
"APR_DRG_Description, n (%)",Other circulatory system procedures,,31 (0.1),31 (0.1)
"APR_DRG_Description, n (%)",Other complications of treatment,,115 (0.3),115 (0.3)
"APR_DRG_Description, n (%)",Other digestive system & abdominal procedures,,99 (0.2),99 (0.2)
"APR_DRG_Description, n (%)",Other digestive system diagnoses,,567 (1.3),567 (1.3)
"APR_DRG_Description, n (%)",Other disorders of nervous system,,352 (0.8),352 (0.8)
"APR_DRG_Description, n (%)",Other disorders of the liver,,135 (0.3),135 (0.3)
"APR_DRG_Description, n (%)",Other drug abuse & dependence,,18 (0.0),18 (0.0)
"APR_DRG_Description, n (%)",Other ear nose mouth & throat procedures,,125 (0.3),125 (0.3)
"APR_DRG_Description, n (%)",Other ear nose mouththroat & cranial/facial diagnoses,,135 (0.3),135 (0.3)
"APR_DRG_Description, n (%)",Other endocrine disorders,,101 (0.2),101 (0.2)
"APR_DRG_Description, n (%)",Other esophageal disorders,,199 (0.5),199 (0.5)
"APR_DRG_Description, n (%)",Other female reproductive system & related procedures,,20 (0.0),20 (0.0)
"APR_DRG_Description, n (%)",Other gastroenteritis nausa & vomiting,,863 (2.0),863 (2.0)
"APR_DRG_Description, n (%)",Other hepatobiliary pancreas & abdominal procedures,,231 (0.5),231 (0.5)
"APR_DRG_Description, n (%)",Other infectious & parasitic diseases,,72 (0.2),72 (0.2)
"APR_DRG_Description, n (%)",Other injury poisoning & toxic effect diagnoses,,18 (0.0),18 (0.0)
"APR_DRG_Description, n (%)",Other kidney & urinary tract diagnoses signs & symptoms,,212 (0.5),212 (0.5)
"APR_DRG_Description, n (%)",Other kidney urinary tract & related procedures,,38 (0.1),38 (0.1)
"APR_DRG_Description, n (%)",Other major head & neck procedures,,35 (0.1),35 (0.1)
"APR_DRG_Description, n (%)",Other male reproductive system & related procedures,,50 (0.1),50 (0.1)
"APR_DRG_Description, n (%)",Other mental health disorders,,13 (0.0),13 (0.0)
"APR_DRG_Description, n (%)",Other musculoskeletal system & connective tissue diagnoses,,607 (1.4),607 (1.4)
"APR_DRG_Description, n (%)",Other musculoskeletal system & connective tissue procedures,,65 (0.2),65 (0.2)
"APR_DRG_Description, n (%)",Other nervous system & related procedures,,40 (0.1),40 (0.1)
"APR_DRG_Description, n (%)",Other pneumonia,,1042 (2.4),1042 (2.4)
"APR_DRG_Description, n (%)",Other procedures for endocrine nutritional & metabolic disorders,,10 (0.0),10 (0.0)
"APR_DRG_Description, n (%)",Other procedures of blood & blood-forming organs,,25 (0.1),25 (0.1)
"APR_DRG_Description, n (%)",Other respiratory & chest procedures,,66 (0.2),66 (0.2)
"APR_DRG_Description, n (%)",Other respiratory diagnoses except signs symptoms & minor diagnoses,,143 (0.3),143 (0.3)
"APR_DRG_Description, n (%)",Other significant hip and femur surgery,,105 (0.2),105 (0.2)
"APR_DRG_Description, n (%)",Other skin subcutaneous tissue & breast disorders,,192 (0.5),192 (0.5)
"APR_DRG_Description, n (%)",Other skin subcutaneous tissue & related procedures,,92 (0.2),92 (0.2)
"APR_DRG_Description, n (%)",Other small & large bowel procedures,,100 (0.2),100 (0.2)
"APR_DRG_Description, n (%)",Other stomach esophageal & duodenal procedures,,90 (0.2),90 (0.2)
"APR_DRG_Description, n (%)",Pancreas transplant,,5 (0.0),5 (0.0)
"APR_DRG_Description, n (%)",Partial thickness burns without skin graft,,1 (0.0),1 (0.0)
"APR_DRG_Description, n (%)",Pelvic evisceration radical hysterectomy & other radical GYN procs,,2 (0.0),2 (0.0)
"APR_DRG_Description, n (%)",Penis procedures,,13 (0.0),13 (0.0)
"APR_DRG_Description, n (%)",Peptic ulcer & gastritis,,246 (0.6),246 (0.6)
"APR_DRG_Description, n (%)",Percutaneous coronary intervention w AMI,,231 (0.5),231 (0.5)
"APR_DRG_Description, n (%)",Percutaneous coronary intervention w/o AMI,,885 (2.1),885 (2.1)
"APR_DRG_Description, n (%)",Peripheral & other vascular disorders,,394 (0.9),394 (0.9)
"APR_DRG_Description, n (%)",Peripheral cranial & autonomic nerve disorders,,241 (0.6),241 (0.6)
"APR_DRG_Description, n (%)",Peritoneal adhesiolysis,,23 (0.1),23 (0.1)
"APR_DRG_Description, n (%)",Perm cardiac pacemaker implant w/o AMI heart failure or shock,,113 (0.3),113 (0.3)
"APR_DRG_Description, n (%)",Permanent cardiac pacemaker implant w AMI heart failure or shock,,4 (0.0),4 (0.0)
"APR_DRG_Description, n (%)",Pituitary & adrenal procedures,,33 (0.1),33 (0.1)
"APR_DRG_Description, n (%)",Poisoning of medicinal agents,,138 (0.3),138 (0.3)
"APR_DRG_Description, n (%)",Post-op post-trauma other device infections w O.R. procedure,,107 (0.3),107 (0.3)
"APR_DRG_Description, n (%)",Post-operative post-traumatic other device infections,,159 (0.4),159 (0.4)
"APR_DRG_Description, n (%)",Postpartum & post abortion diagnoses w/o procedure,,25 (0.1),25 (0.1)
"APR_DRG_Description, n (%)",Preterm labor,,3 (0.0),3 (0.0)
"APR_DRG_Description, n (%)",Procedure w diag of rehab aftercare or oth contact w health service,,35 (0.1),35 (0.1)
"APR_DRG_Description, n (%)",Procedures for obesity,,1033 (2.4),1033 (2.4)
"APR_DRG_Description, n (%)",Pulmonary embolism,,141 (0.3),141 (0.3)
"APR_DRG_Description, n (%)",RENAL FAILURE,,585 (1.4),585 (1.4)
"APR_DRG_Description, n (%)",Radiotherapy,,7 (0.0),7 (0.0)
"APR_DRG_Description, n (%)",Rehabilitation,,18 (0.0),18 (0.0)
"APR_DRG_Description, n (%)",Renal dialysis access device procedure only,,16 (0.0),16 (0.0)
"APR_DRG_Description, n (%)",Respiratory Failure,,195 (0.5),195 (0.5)
"APR_DRG_Description, n (%)",Respiratory malignancy,,126 (0.3),126 (0.3)
"APR_DRG_Description, n (%)",Respiratory signs symptoms & minor diagnoses,,303 (0.7),303 (0.7)
"APR_DRG_Description, n (%)",Respiratory system diagnosis w ventilator support 96+ hours,,60 (0.1),60 (0.1)
"APR_DRG_Description, n (%)",Schizophrenia,,104 (0.2),104 (0.2)
"APR_DRG_Description, n (%)",Seizure,,1010 (2.4),1010 (2.4)
"APR_DRG_Description, n (%)",Septicemia & disseminated infections,,1140 (2.7),1140 (2.7)
"APR_DRG_Description, n (%)",Shoulder upper arm & forearm procedures except joint replacement,,72 (0.2),72 (0.2)
"APR_DRG_Description, n (%)",Sickle cell anemia crisis,,741 (1.7),741 (1.7)
"APR_DRG_Description, n (%)",Signs symptoms & other factors influencing health status,,321 (0.8),321 (0.8)
"APR_DRG_Description, n (%)",Sinus & mastoid procedures,,18 (0.0),18 (0.0)
"APR_DRG_Description, n (%)",Skin graft except hand for musculoskeletal & connective tissue diagnoses,,12 (0.0),12 (0.0)
"APR_DRG_Description, n (%)",Skin graft for skin & subcutaneous tissue diagnoses,,32 (0.1),32 (0.1)
"APR_DRG_Description, n (%)",Skin ulcers,,121 (0.3),121 (0.3)
"APR_DRG_Description, n (%)",Spinal disorders & injuries,,17 (0.0),17 (0.0)
"APR_DRG_Description, n (%)",Spinal procedures,,45 (0.1),45 (0.1)
"APR_DRG_Description, n (%)",Splenectomy,,9 (0.0),9 (0.0)
"APR_DRG_Description, n (%)",Syncope & collapse,,733 (1.7),733 (1.7)
"APR_DRG_Description, n (%)",Tendon muscle & other soft tissue procedures,,57 (0.1),57 (0.1)
"APR_DRG_Description, n (%)",Testes & scrotal procedures,,17 (0.0),17 (0.0)
"APR_DRG_Description, n (%)",Thyroid parathyroid & thyroglossal procedures,,178 (0.4),178 (0.4)
"APR_DRG_Description, n (%)",Tonsil & adenoid procedures,,188 (0.4),188 (0.4)
"APR_DRG_Description, n (%)",Toxic effects of non-medicinal substances,,84 (0.2),84 (0.2)
"APR_DRG_Description, n (%)",Tracheostomy w MV 96+ hours w extensive procedure or ECMO,,125 (0.3),125 (0.3)
"APR_DRG_Description, n (%)",Tracheostomy w MV 96+ hours w/o extensive procedure,,44 (0.1),44 (0.1)
"APR_DRG_Description, n (%)",Transient ischemia,,74 (0.2),74 (0.2)
"APR_DRG_Description, n (%)",Transurethral prostatectomy,,39 (0.1),39 (0.1)
"APR_DRG_Description, n (%)",Urethral & transurethral procedures,,35 (0.1),35 (0.1)
"APR_DRG_Description, n (%)",Urinary stones & acquired upper urinary tract obstruction,,119 (0.3),119 (0.3)
"APR_DRG_Description, n (%)",Uterine & adnexa procedures for leiomyoma,,141 (0.3),141 (0.3)
"APR_DRG_Description, n (%)",Uterine & adnexa procedures for non-malignancy except leiomyoma,,107 (0.3),107 (0.3)
"APR_DRG_Description, n (%)",Uterine & adnexa procedures for non-ovarian & non-adnexal malig,,28 (0.1),28 (0.1)
"APR_DRG_Description, n (%)",Uterine & adnexa procedures for ovarian & adnexal malignancy,,9 (0.0),9 (0.0)
"APR_DRG_Description, n (%)",Vaginal delivery,,25 (0.1),25 (0.1)
"APR_DRG_Description, n (%)",Ventricular shunt procedures,,47 (0.1),47 (0.1)
"APR_DRG_Description, n (%)",Vertigo & other labyrinth disorders,,241 (0.6),241 (0.6)
"APR_DRG_Description, n (%)",Viral illness,,185 (0.4),185 (0.4)
"APR_DRG_Description, n (%)",Viral meningitis,,11 (0.0),11 (0.0)
"Total_Charges, mean (SD)",,0,77396.6 (129280.6),77396.6 (129280.6)
"Length_of_Stay, n (%)",1,0,9715 (22.8),9715 (22.8)
"Length_of_Stay, n (%)",10,,783 (1.8),783 (1.8)
"Length_of_Stay, n (%)",101,,1 (0.0),1 (0.0)
"Length_of_Stay, n (%)",102,,1 (0.0),1 (0.0)
"Length_of_Stay, n (%)",103,,1 (0.0),1 (0.0)
"Length_of_Stay, n (%)",105,,5 (0.0),5 (0.0)
"Length_of_Stay, n (%)",106,,1 (0.0),1 (0.0)
"Length_of_Stay, n (%)",107,,3 (0.0),3 (0.0)
"Length_of_Stay, n (%)",109,,3 (0.0),3 (0.0)
"Length_of_Stay, n (%)",11,,607 (1.4),607 (1.4)
"Length_of_Stay, n (%)",110,,1 (0.0),1 (0.0)
"Length_of_Stay, n (%)",111,,2 (0.0),2 (0.0)
"Length_of_Stay, n (%)",113,,1 (0.0),1 (0.0)
"Length_of_Stay, n (%)",114,,2 (0.0),2 (0.0)
"Length_of_Stay, n (%)",115,,1 (0.0),1 (0.0)
"Length_of_Stay, n (%)",117,,2 (0.0),2 (0.0)
"Length_of_Stay, n (%)",118,,1 (0.0),1 (0.0)
"Length_of_Stay, n (%)",12,,460 (1.1),460 (1.1)
"Length_of_Stay, n (%)",120 +,,26 (0.1),26 (0.1)
"Length_of_Stay, n (%)",13,,466 (1.1),466 (1.1)
"Length_of_Stay, n (%)",14,,412 (1.0),412 (1.0)
"Length_of_Stay, n (%)",15,,312 (0.7),312 (0.7)
"Length_of_Stay, n (%)",16,,280 (0.7),280 (0.7)
"Length_of_Stay, n (%)",17,,222 (0.5),222 (0.5)
"Length_of_Stay, n (%)",18,,187 (0.4),187 (0.4)
"Length_of_Stay, n (%)",19,,169 (0.4),169 (0.4)
"Length_of_Stay, n (%)",2,,8168 (19.2),8168 (19.2)
"Length_of_Stay, n (%)",20,,143 (0.3),143 (0.3)
"Length_of_Stay, n (%)",21,,146 (0.3),146 (0.3)
"Length_of_Stay, n (%)",22,,130 (0.3),130 (0.3)
"Length_of_Stay, n (%)",23,,103 (0.2),103 (0.2)
"Length_of_Stay, n (%)",24,,78 (0.2),78 (0.2)
"Length_of_Stay, n (%)",25,,72 (0.2),72 (0.2)
"Length_of_Stay, n (%)",26,,69 (0.2),69 (0.2)
"Length_of_Stay, n (%)",27,,66 (0.2),66 (0.2)
"Length_of_Stay, n (%)",28,,64 (0.2),64 (0.2)
"Length_of_Stay, n (%)",29,,47 (0.1),47 (0.1)
"Length_of_Stay, n (%)",3,,5658 (13.3),5658 (13.3)
"Length_of_Stay, n (%)",30,,49 (0.1),49 (0.1)
"Length_of_Stay, n (%)",31,,36 (0.1),36 (0.1)
"Length_of_Stay, n (%)",32,,38 (0.1),38 (0.1)
"Length_of_Stay, n (%)",33,,31 (0.1),31 (0.1)
"Length_of_Stay, n (%)",34,,42 (0.1),42 (0.1)
"Length_of_Stay, n (%)",35,,29 (0.1),29 (0.1)
"Length_of_Stay, n (%)",36,,25 (0.1),25 (0.1)
"Length_of_Stay, n (%)",37,,30 (0.1),30 (0.1)
"Length_of_Stay, n (%)",38,,25 (0.1),25 (0.1)
"Length_of_Stay, n (%)",39,,34 (0.1),34 (0.1)
"Length_of_Stay, n (%)",4,,4077 (9.6),4077 (9.6)
"Length_of_Stay, n (%)",40,,11 (0.0),11 (0.0)
"Length_of_Stay, n (%)",41,,27 (0.1),27 (0.1)
"Length_of_Stay, n (%)",42,,24 (0.1),24 (0.1)
"Length_of_Stay, n (%)",43,,23 (0.1),23 (0.1)
"Length_of_Stay, n (%)",44,,19 (0.0),19 (0.0)
"Length_of_Stay, n (%)",45,,12 (0.0),12 (0.0)
"Length_of_Stay, n (%)",46,,14 (0.0),14 (0.0)
"Length_of_Stay, n (%)",47,,12 (0.0),12 (0.0)
"Length_of_Stay, n (%)",48,,6 (0.0),6 (0.0)
"Length_of_Stay, n (%)",49,,13 (0.0),13 (0.0)
"Length_of_Stay, n (%)",5,,2974 (7.0),2974 (7.0)
"Length_of_Stay, n (%)",50,,13 (0.0),13 (0.0)
"Length_of_Stay, n (%)",51,,7 (0.0),7 (0.0)
"Length_of_Stay, n (%)",52,,4 (0.0),4 (0.0)
"Length_of_Stay, n (%)",53,,11 (0.0),11 (0.0)
"Length_of_Stay, n (%)",54,,6 (0.0),6 (0.0)
"Length_of_Stay, n (%)",55,,13 (0.0),13 (0.0)
"Length_of_Stay, n (%)",56,,7 (0.0),7 (0.0)
"Length_of_Stay, n (%)",57,,10 (0.0),10 (0.0)
"Length_of_Stay, n (%)",58,,9 (0.0),9 (0.0)
"Length_of_Stay, n (%)",59,,9 (0.0),9 (0.0)
"Length_of_Stay, n (%)",6,,2265 (5.3),2265 (5.3)
"Length_of_Stay, n (%)",60,,5 (0.0),5 (0.0)
"Length_of_Stay, n (%)",61,,5 (0.0),5 (0.0)
"Length_of_Stay, n (%)",62,,5 (0.0),5 (0.0)
"Length_of_Stay, n (%)",63,,3 (0.0),3 (0.0)
"Length_of_Stay, n (%)",64,,5 (0.0),5 (0.0)
"Length_of_Stay, n (%)",65,,6 (0.0),6 (0.0)
"Length_of_Stay, n (%)",66,,5 (0.0),5 (0.0)
"Length_of_Stay, n (%)",67,,6 (0.0),6 (0.0)
"Length_of_Stay, n (%)",68,,1 (0.0),1 (0.0)
"Length_of_Stay, n (%)",69,,6 (0.0),6 (0.0)
"Length_of_Stay, n (%)",7,,1863 (4.4),1863 (4.4)
"Length_of_Stay, n (%)",70,,4 (0.0),4 (0.0)
"Length_of_Stay, n (%)",71,,5 (0.0),5 (0.0)
"Length_of_Stay, n (%)",72,,2 (0.0),2 (0.0)
"Length_of_Stay, n (%)",73,,3 (0.0),3 (0.0)
"Length_of_Stay, n (%)",74,,2 (0.0),2 (0.0)
"Length_of_Stay, n (%)",75,,1 (0.0),1 (0.0)
"Length_of_Stay, n (%)",76,,6 (0.0),6 (0.0)
"Length_of_Stay, n (%)",77,,2 (0.0),2 (0.0)
"Length_of_Stay, n (%)",78,,5 (0.0),5 (0.0)
"Length_of_Stay, n (%)",79,,5 (0.0),5 (0.0)
"Length_of_Stay, n (%)",8,,1338 (3.1),1338 (3.1)
"Length_of_Stay, n (%)",80,,3 (0.0),3 (0.0)
"Length_of_Stay, n (%)",81,,7 (0.0),7 (0.0)
"Length_of_Stay, n (%)",82,,4 (0.0),4 (0.0)
"Length_of_Stay, n (%)",83,,5 (0.0),5 (0.0)
"Length_of_Stay, n (%)",84,,2 (0.0),2 (0.0)
"Length_of_Stay, n (%)",85,,3 (0.0),3 (0.0)
"Length_of_Stay, n (%)",86,,1 (0.0),1 (0.0)
"Length_of_Stay, n (%)",87,,1 (0.0),1 (0.0)
"Length_of_Stay, n (%)",89,,1 (0.0),1 (0.0)
"Length_of_Stay, n (%)",9,,967 (2.3),967 (2.3)
"Length_of_Stay, n (%)",90,,3 (0.0),3 (0.0)
"Length_of_Stay, n (%)",91,,2 (0.0),2 (0.0)
"Length_of_Stay, n (%)",92,,4 (0.0),4 (0.0)
"Length_of_Stay, n (%)",93,,2 (0.0),2 (0.0)
"Length_of_Stay, n (%)",94,,3 (0.0),3 (0.0)
"Length_of_Stay, n (%)",97,,2 (0.0),2 (0.0)
"Length_of_Stay, n (%)",98,,2 (0.0),2 (0.0)
